{"cameraMode":{"drawMode":0,"name":"Shaded","section":"Shading Mode"},"sceneLighting":false,"audioPlay":false,"sceneViewState":{"m_AlwaysRefresh":false,"showFog":true,"showSkybox":false,"showFlares":true,"showImageEffects":true,"showParticleSystems":true,"showVisualEffectGraphs":true,"m_FxEnabled":true},"in2DMode":false,"pivot":{"x":3.9911208152770998,"y":11.598557472229004,"z":-24.115110397338868},"rotation":{"x":-0.07095207273960114,"y":-0.7095678448677063,"z":0.07219640165567398,"w":-0.6973352432250977},"size":0.6215478777885437,"orthographic":false}