{"cameraMode":{"drawMode":0,"name":"Shaded","section":"Shading Mode"},"sceneLighting":true,"audioPlay":false,"sceneViewState":{"m_AlwaysRefresh":false,"showFog":true,"showSkybox":true,"showFlares":true,"showImageEffects":true,"showParticleSystems":true,"showVisualEffectGraphs":true,"m_FxEnabled":true},"in2DMode":false,"pivot":{"x":46.78019714355469,"y":24.19842529296875,"z":19.331363677978517},"rotation":{"x":0.024857331067323686,"y":-0.4887623190879822,"z":0.013933499343693257,"w":0.871951699256897},"size":42.60855484008789,"orthographic":false}