{"cameraMode":{"drawMode":0,"name":"Shaded","section":"Shading Mode"},"sceneLighting":false,"audioPlay":false,"sceneViewState":{"m_AlwaysRefresh":false,"showFog":true,"showSkybox":false,"showFlares":true,"showImageEffects":true,"showParticleSystems":true,"showVisualEffectGraphs":true,"m_FxEnabled":true},"in2DMode":false,"pivot":{"x":0.02733735740184784,"y":1.4055219888687134,"z":0.15203577280044557},"rotation":{"x":0.05519763007760048,"y":-0.7036907076835632,"z":0.05499944090843201,"w":0.7062234282493591},"size":0.3260383903980255,"orthographic":false}