{"cameraMode":{"drawMode":0,"name":"Shaded","section":"Shading Mode"},"sceneLighting":false,"audioPlay":false,"sceneViewState":{"m_AlwaysRefresh":false,"showFog":true,"showSkybox":false,"showFlares":true,"showImageEffects":true,"showParticleSystems":true,"showVisualEffectGraphs":true,"m_FxEnabled":true},"in2DMode":false,"pivot":{"x":-0.07673729211091995,"y":-0.008709186688065529,"z":0.009920861572027207},"rotation":{"x":0.06844000518321991,"y":0.9208630323410034,"z":-0.18848860263824464,"w":0.3343644142150879},"size":0.008225223049521447,"orthographic":false}