{"cameraMode":{"drawMode":0,"name":"Shaded","section":"Shading Mode"},"sceneLighting":false,"audioPlay":false,"sceneViewState":{"m_AlwaysRefresh":false,"showFog":true,"showSkybox":false,"showFlares":true,"showImageEffects":true,"showParticleSystems":true,"showVisualEffectGraphs":true,"m_FxEnabled":true},"in2DMode":false,"pivot":{"x":-0.20552772283554078,"y":0.18796952068805695,"z":0.039849717170000079},"rotation":{"x":-0.027894435450434686,"y":-0.709092915058136,"z":-0.028096163645386697,"w":0.704002857208252},"size":0.22100761532783509,"orthographic":false}