{"cameraMode":{"drawMode":0,"name":"Shaded","section":"Shading Mode"},"sceneLighting":true,"audioPlay":false,"sceneViewState":{"m_AlwaysRefresh":false,"showFog":true,"showSkybox":true,"showFlares":true,"showImageEffects":true,"showParticleSystems":true,"showVisualEffectGraphs":true,"m_FxEnabled":true},"in2DMode":false,"pivot":{"x":70.27656555175781,"y":-23.937902450561525,"z":78.45668029785156},"rotation":{"x":0.10171942412853241,"y":0.28871381282806399,"z":-0.030864667147397996,"w":0.9514967203140259},"size":55.47026824951172,"orthographic":false}