{"cameraMode":{"drawMode":0,"name":"Shaded","section":"Shading Mode"},"sceneLighting":false,"audioPlay":false,"sceneViewState":{"m_AlwaysRefresh":false,"showFog":true,"showSkybox":false,"showFlares":true,"showImageEffects":true,"showParticleSystems":true,"showVisualEffectGraphs":true,"m_FxEnabled":true},"in2DMode":false,"pivot":{"x":-2.488718271255493,"y":1.8590192794799805,"z":-10.298208236694336},"rotation":{"x":0.008166295476257801,"y":0.7326580882072449,"z":-0.008792320266366005,"w":0.6804921627044678},"size":0.8256105780601502,"orthographic":false}